Dr. Tareq Anwar Shikder,"Ragib Rabeya Medical, Sylhet, Bangladesh",www.tareq@gmail.com,Time: 10:00 AM - 4.00 PM
Dr. Sadia Mumtahina,"Ragib Rabeya Medical, Sylhet, Bangladesh",www.sadia@gmail.com,Time: 10:00 AM - 4.00 PM
Dr. Aparna Das,"M.A.G Osmani Medical,Sylhet, Bangladesh",www.aparna@gmail.com,Time: 10:00 AM - 4.00 PM
Dr. Fahad Bin Ayub,"Popular Medical Center, Sylhet, Bangladesh",www.fahad@gmail.com,Time: 10:00 AM - 4.00 PM
Dr. Shornalee Dey,"Popular Medical Center, Sylhet, Bangladesh",www.shornalee@gmail.com,Time: 10:00 AM - 4.00 PM
Dr. Sunil Kumar Das,"Ragib Rabeya Medical, Sylhet, Bangladesh",www.tareq@gmail.com,Time: 10:00 AM - 4.00 PM
Dr. Faruk Ahmed,"Nort East Medical, Sylhet, Bangladesh",www.tareq@gmail.com,Time: 10:00 AM - 4.00 PM
Dr. Pullock Deb Nath,"Nort East Medical, Sylhet, Bangladesh",www.tareq@gmail.com,Time: 10:00 AM - 4.00 PM
Dr. Inderjeet Singh,"Popular Medical Center, Sylhet, Bangladesh",www.tareq@gmail.com,Time: 10:00 AM - 4.00 PM
Dr. Farhana Akter,"Nort East Medical, Sylhet, Bangladesh",www.tareq@gmail.com,Time: 10:00 AM - 4.00 PM
Dr. Manish Roy,"Ragib Rabeya Medical, Sylhet, Bangladesh",www.tareq@gmail.com,Time: 10:00 AM - 4.00 PM
Dr. Ajay Das,"Popular Medical Center, Sylhet, Bangladesh",www.tareq@gmail.com,Time: 10:00 AM - 4.00 PM
Dr. Anshul Gupta,"Nort East Medical, Sylhet, Bangladesh",www.tareq@gmail.com,Time: 10:00 AM - 4.00 PM
Dr. Mahfuz Chowdhury,"M.A.G Osmani Medical,Sylhet, Bangladesh",www.tareq@gmail.com,Time: 10:00 AM - 4.00 PM
Dr. Saifur Rahman,"Ragib Rabeya Medical, Sylhet, Bangladesh",www.tareq@gmail.com,Time: 10:00 AM - 4.00 PM
Dr. Fakrul Islam,"Nort East Medical, Sylhet, Bangladesh",www.tareq@gmail.com,Time: 10:00 AM - 4.00 PM
Dr. Sajjadul Islam,"Popular Medical Center, Sylhet, Bangladesh",www.tareq@gmail.com,Time: 10:00 AM - 4.00 PM
Dr. Moloy Dey,"Medi-Aid Diagonstic Center, Sylhet, Bangladesh",www.tareq@gmail.com,Time: 10:00 AM - 4.00 PM
Dr. Nazmul Islam,"Popular Medical Center, Sylhet, Bangladesh",www.tareq@gmail.com,Time: 10:00 AM - 4.00 PM
Dr. Shaisab Baishya,"Ragib Rabeya Medical, Sylhet, Bangladesh",www.tareq@gmail.com,Time: 10:00 AM - 4.00 PM
Dr. Rakesh Singh,"Nort East Medical, Sylhet, Bangladesh",www.tareq@gmail.com,Time: 10:00 AM - 4.00 PM
Dr. Tonmoy Taluder,"Popular Medical Center, Sylhet, Bangladesh",www.tareq@gmail.com,Time: 10:00 AM - 4.00 PM
Dr. Arnab Das,"Ragib Rabeya Medical, Sylhet, Bangladesh",www.tareq@gmail.com,Time: 10:00 AM - 4.00 PM
Dr. S K Singh,"Medi-Aid Diagonstic Center, Sylhet, Bangladesh",www.tareq@gmail.com,Time: 10:00 AM - 4.00 PM
Dr. Sudhir Bhola,"Medi-Aid Diagonstic Center, Sylhet, Bangladesh",www.tareq@gmail.com,Time: 10:00 AM - 4.00 PM
Dr. Mahfuzur Rahman," M.A.G Osmani Medical,Sylhet, Bangladesh",www.mahfuzrahman@gmail.com,Time: 10:00 AM - 4.00 PM
Dr. Vijay Abbot,"Ragib Rabeya Medical, Sylhet, Bangladesh",www.mahfuzrahman@gmail.com,Time: 10:00 AM - 4.00 PM
Dr. Rakesh Gupta,"Nort East Medical, Sylhet, Bangladesh",www.mahfuzrahman@gmail.com,Time: 10:00 AM - 4.00 PM
Dr. Sugeeta Mutreja,"Ragib Rabeya Medical, Sylhet, Bangladesh",www.mahfuzrahman@gmail.com,Time: 10:00 AM - 4.00 PM
Dr. Ruchi Gupta,"Nort East Medical, Sylhet, Bangladesh",www.mahfuzrahman@gmail.com,Time: 10:00 AM - 4.00 PM
Dr. Praveen Rahman,"M.A.G Osmani Medical,Sylhet, Bangladesh",www.mahfuzrahman@gmail.com,Time: 10:00 AM - 4.00 PM
Dr. S.K Kashyap,"Medi-Aid Diagonstic Center, Sylhet, Bangladesh",www.mahfuzrahman@gmail.com,Time: 10:00 AM - 4.00 PM
Dr. Nipun Jain,"Ragib Rabeya Medical, Sylhet, Bangladesh",www.mahfuzrahman@gmail.com,Time: 10:00 AM - 4.00 PM
Dr. Rohit Batra,"M.A.G Osmani Medical,Sylhet, Bangladesh",www.mahfuzrahman@gmail.com,Time: 10:00 AM - 4.00 PM
Dr. Lipy Gupta,"Medi-Aid Diagonstic Center, Sylhet, Bangladesh",www.mahfuzrahman@gmail.com,Time: 10:00 AM - 4.00 PM
Dr. Gaurav Garg,"M.A.G Osmani Medical,Sylhet, Bangladesh",www.mahfuzrahman@gmail.com,Time: 10:00 AM - 4.00 PM
Dr. Parmil Kumar Sharma,"Medi-Aid Diagonstic Center, Sylhet, Bangladesh",www.mahfuzrahman@gmail.com,Time: 10:00 AM - 4.00 PM
Dr. Shruti Gupta,"M.A.G Osmani Medical,Sylhet, Bangladesh",www.mahfuzrahman@gmail.com,Time: 10:00 AM - 4.00 PM
Dr. Manisha Chopra,"Medi-Aid Diagonstic Center, Sylhet, Bangladesh",www.mahfuzrahman@gmail.com,Time: 10:00 AM - 4.00 PM
Dr. Ranjan Upadhyay,"Popular Medical Center, Sylhet, Bangladesh",www.mahfuzrahman@gmail.com,Time: 10:00 AM - 4.00 PM
Dr. Gayatri Bala Juneja,"Medi-Aid Diagonstic Center, Sylhet, Bangladesh",www.mahfuzrahman@gmail.com,Time: 10:00 AM - 4.00 PM
